{
  "Total" : {
    "transaction" : "Total",
    "sampleCount" : 500,
    "errorCount" : 0,
    "errorPct" : 0.0,
    "meanResTime" : 351.16999999999973,
    "medianResTime" : 260.0,
    "minResTime" : 215.0,
    "maxResTime" : 2295.0,
    "pct1ResTime" : 383.90000000000003,
    "pct2ResTime" : 1136.4999999999995,
    "pct3ResTime" : 2270.95,
    "throughput" : 11.663983950358086,
    "receivedKBytesPerSec" : 18.439118377773113,
    "sentKBytesPerSec" : 1.6630289616721488
  },
  "HTTP Request" : {
    "transaction" : "HTTP Request",
    "sampleCount" : 500,
    "errorCount" : 0,
    "errorPct" : 0.0,
    "meanResTime" : 351.16999999999973,
    "medianResTime" : 260.0,
    "minResTime" : 215.0,
    "maxResTime" : 2295.0,
    "pct1ResTime" : 383.90000000000003,
    "pct2ResTime" : 1136.4999999999995,
    "pct3ResTime" : 2270.95,
    "throughput" : 11.663983950358086,
    "receivedKBytesPerSec" : 18.439118377773113,
    "sentKBytesPerSec" : 1.6630289616721488
  }
}